,id,name,start_date_local,type,distance,moving_time,elapsed_time,total_elevation_gain,end_latlng,external_id
0,4875395191,Morning Run,2021-03-02T06:52:23Z,Run,8680.8,3305,3310,83.1,"[52.46402, -2.143575]",garmin_push_6359146093
1,4864689964,Long Slow Run,2021-02-28T09:41:26Z,Run,19788.9,8019,8024,262.2,"[52.464004, -2.143533]",garmin_push_6348658579
2,4854294293,Afternoon Run,2021-02-26T16:43:40Z,Run,8576.2,3251,3262,87.1,"[52.463995, -2.143573]",garmin_push_6338479836
3,4848466785,Afternoon walk,2021-02-25T15:58:39Z,Walk,5007.3,3376,3609,92.4,"[52.463987, -2.143742]",garmin_push_6332771649
4,4842584642,5 x 1k intervals,2021-02-24T16:03:13Z,Run,10013.9,3348,3351,61.5,"[52.46473, -2.144595]",garmin_push_6326996374
5,4836675408,Afternoon Run,2021-02-23T16:37:17Z,Run,6489.8,2501,2516,84.3,"[52.46396, -2.143588]",garmin_push_6321175102
6,4831260661,Afternoon walk,2021-02-22T17:40:01Z,Walk,2801.4,1470,1487,35.0,"[52.464071, -2.143493]",garmin_push_6315720771
7,4825157065,Ride with Andy,2021-02-21T13:28:49Z,Ride,35209.3,6192,6815,463.3,"[52.46409, -2.14359]",garmin_push_6309545840
8,4816099223,Morning Run,2021-02-20T09:07:29Z,Run,15240.5,5980,6029,127.8,"[52.464127, -2.143383]",garmin_push_6300841827
9,4807886699,Progression Run,2021-02-18T16:15:39Z,Run,10484.1,3723,3743,120.6,"[52.462275, -2.14368]",garmin_push_6292544059
10,4802314939,Afternoon Run,2021-02-17T15:18:56Z,Run,9011.3,3415,3441,87.2,"[52.464014, -2.143497]",garmin_push_6286981036
11,4797302267,Afternoon Run,2021-02-16T16:50:03Z,Run,5180.2,1924,1924,37.0,"[52.462274, -2.143678]",garmin_push_6282098705
12,4785149385,Walk with Rachel,2021-02-14T11:00:49Z,Walk,2697.5,2466,2597,57.0,"[52.445702, -2.18521]",garmin_push_6270084241
13,4781898316,Afternoon Walk,2021-02-13T17:09:26Z,Walk,3331.1,2686,2756,69.6,"[52.445081, -2.185373]",garmin_push_6266800554
14,4774124626,Morning Run,2021-02-12T08:32:05Z,Run,9471.1,3574,3586,93.0,"[52.464032, -2.143526]",garmin_push_6259014289
15,4763789326,Tempo Run,2021-02-10T07:08:07Z,Run,8698.8,3087,3087,89.1,"[52.464007, -2.143542]",garmin_push_6248712737
16,4761195521,Easy Run,2021-02-09T17:13:34Z,Run,6768.8,2685,2694,84.6,"[52.463994, -2.143538]",garmin_push_6246151863
17,4758623728,Indoor Ride,2021-02-09T07:34:00Z,Ride,20102.6,3468,3468,0,,garmin_push_6243534801
18,4756452869,Evening Walk,2021-02-08T18:08:12Z,Walk,5393.7,3012,3012,61.1,"[52.464066, -2.143501]",garmin_push_6241353524
19,4754168319,Quick KB workout,2021-02-08T10:08:01Z,Workout,0.0,735,735,0,,garmin_push_6238966515
20,4750724616,Afternoon Ride,2021-02-07T13:06:58Z,Ride,27352.8,5643,7095,449.8,"[52.464056, -2.143553]",garmin_push_6235499440
21,4745802504,Afternoon Run,2021-02-06T16:41:13Z,Run,10555.5,4109,4114,130.9,"[52.463991, -2.143508]",garmin_push_6230713121
22,4738787549,Afternoon Run,2021-02-05T14:13:52Z,Run,8636.6,3298,3314,89.0,"[52.463979, -2.143539]",garmin_push_6223855368
23,4734730456,Indoor Ride,2021-02-04T18:08:46Z,Ride,16525.5,2770,2770,0,,garmin_push_6219893853
24,4728841022,Afternoon Run,2021-02-03T17:03:17Z,Run,10455.4,4157,4157,126.1,"[52.464002, -2.143581]",garmin_push_6214147521
25,4724306382,Indoor Ride,2021-02-02T20:20:14Z,Ride,20073.7,2785,2785,0,,garmin_push_6209700589
26,4717313822,Hard 5k,2021-02-01T15:57:45Z,Run,5009.5,1604,1619,31.5,"[52.461175, -2.147015]",garmin_push_6202796929
27,4711041189,Indoor Ride,2021-01-31T11:46:49Z,Ride,30003.3,4983,4983,0,,garmin_push_6196647434
28,4706437778,Afternoon Run,2021-01-30T15:58:08Z,Run,11601.2,4602,4606,120.1,"[52.463919, -2.143497]",garmin_push_6192170256
29,4696530529,Threshold Run,2021-01-28T18:58:32Z,Run,6939.7,2387,2387,83.0,"[52.464103, -2.143536]",garmin_push_6182418679
30,4690268000,Afternoon walk,2021-01-27T15:37:36Z,Walk,3699.9,2687,3162,44.5,"[52.464002, -2.143622]",garmin_push_6176268078
31,4679385831,Snowy Afternoon Run,2021-01-25T14:21:51Z,Run,11775.5,5174,5219,145.4,"[52.464011, -2.143524]",garmin_push_6165369671
32,4674827695,Afternoon Walk,2021-01-24T14:43:02Z,Walk,6599.9,4250,4279,66.8,"[52.464025, -2.143678]",garmin_push_6160687728
33,4669126229,"Run, walk run",2021-01-23T16:00:24Z,Run,9964.5,4384,4441,102.1,"[52.46433, -2.143633]",garmin_push_6155172549
34,4657889473,Afternoon Run,2021-01-21T16:12:30Z,Run,7846.2,3128,3141,79.8,"[52.464007, -2.143515]",garmin_push_6144296632
35,4650590117,Morning Run,2021-01-20T08:23:46Z,Run,6445.1,2492,2495,82.1,"[52.463216, -2.143184]",garmin_push_6136949432
36,4640993336,Lunch Run,2021-01-18T12:17:26Z,Run,9673.1,3799,3816,92.8,"[52.463969, -2.143526]",garmin_push_6127418435
37,4637122594,Indoor Ride,2021-01-17T14:12:49Z,Ride,45016.3,7785,7785,0,,garmin_push_6123545311
38,4629303570,Lunch Run,2021-01-16T12:48:28Z,Run,4546.9,1694,2011,53.4,"[52.460466, -2.148512]",garmin_push_6116098669
39,4625721732,Indoor Ride,2021-01-15T18:04:41Z,Ride,22428.4,3603,3603,0,,garmin_push_6112476784
40,4616229506,Walk with RCD,2021-01-13T16:14:32Z,Walk,2633.6,2507,2801,42.5,"[52.464003, -2.14372]",garmin_push_6102994268
41,4609740262,Afternoon Run,2021-01-12T15:46:12Z,Run,14450.4,6319,6624,186.8,"[52.464035, -2.143561]",garmin_push_6096532922
42,4599129224,Afternoon Ride,2021-01-10T13:22:19Z,Ride,33571.3,6347,7699,391.6,"[52.464033, -2.143535]",garmin_push_6085844600
43,4593127309,Afternoon Run,2021-01-09T15:05:40Z,Run,10013.0,4117,4159,61.8,"[52.464796, -2.143845]",garmin_push_6080010591
44,4582893804,Afternoon Run,2021-01-07T16:32:49Z,Run,8607.7,3569,4123,86.6,"[52.46403, -2.143504]",garmin_push_6069830808
45,4577607730,Afternoon Run,2021-01-06T15:50:55Z,Run,9389.2,3795,3815,89.7,"[52.464015, -2.143566]",garmin_push_6064596918
46,4571941736,Afternoon Run,2021-01-05T16:15:33Z,Run,6785.5,2791,2794,85.0,"[52.463999, -2.14353]",garmin_push_6058953812
47,4569302235,Indoor Bike,2021-01-05T06:28:38Z,Ride,9700.7,1737,1737,0,,garmin_push_6056218108
48,4562208583,Indoor Ride,2021-01-03T16:59:12Z,Ride,20498.6,4118,4118,0,,garmin_push_6048959614
49,4561356257,Easy Run,2021-01-03T15:25:37Z,Run,4294.1,1780,1780,46.9,"[52.463951, -2.143505]",garmin_push_6048125086
50,4549823839,Indoor Ride,2021-01-01T15:39:15Z,Ride,21896.1,4566,4566,0,,garmin_push_6036754508
51,4548315195,Walk with Rachel,2021-01-01T11:37:43Z,Walk,4988.9,4103,4169,83.4,"[52.464011, -2.143715]",garmin_push_6035222409
52,4544102376,Icy walk,2020-12-31T10:48:22Z,Walk,11531.1,8670,9485,127.3,"[52.464028, -2.143572]",garmin_push_6030783030
53,4540169287,Steady Run,2020-12-30T16:03:42Z,Run,8977.9,3739,3755,92.8,"[52.464041, -2.143521]",garmin_push_6026698457
54,4535540159,Indoor Ride,2020-12-29T16:35:57Z,Ride,32328.8,5632,5632,0,,garmin_push_6021925074
55,4530569348,Indoor Ride,2020-12-28T16:51:08Z,Ride,20629.3,3602,3602,0,,garmin_push_6016683802
56,4524842961,Run/Walk,2020-12-27T10:48:47Z,Run,20604.2,11415,12229,104.6,"[52.464079, -2.143434]",garmin_push_6010704443
57,4518803710,Easy Run,2020-12-26T10:32:05Z,Run,5501.3,2238,2238,63.0,"[52.461541, -2.146968]",garmin_push_6004422115
58,4516666288,Indoor Ride,2020-12-25T17:42:00Z,Ride,11586.9,1869,1869,0,,garmin_push_6002015067
59,4511792721,Tempo Run,2020-12-24T10:59:30Z,Run,10013.8,3601,3723,0.0,"[52.480041, -1.933843]",garmin_push_5996878351
60,4509256671,Strength Training,2020-12-23T17:43:08Z,WeightTraining,0.0,2739,2739,0,,garmin_push_5994315818
61,4503582424,Intervals ü•µ padded with easy run,2020-12-22T10:28:03Z,Run,13313.5,5318,5684,48.5,"[52.467678, -2.15566]",garmin_push_5988483066
62,4499687936,Easy Run,2020-12-21T10:57:04Z,Run,9211.5,4224,4399,89.6,"[52.464018, -2.143566]",garmin_push_5984447852
63,4490036913,Long Slow Run,2020-12-19T08:43:07Z,Run,14135.6,6352,6608,129.2,"[52.464026, -2.143519]",garmin_push_5974778687
64,4482934835,Easy Run,2020-12-17T12:01:16Z,Run,6472.9,2701,2714,84.4,"[52.463878, -2.143575]",garmin_push_5967384108
65,4478263107,Tough 5k,2020-12-16T08:00:55Z,Run,5008.0,1644,1648,25.6,"[52.460953, -2.149972]",garmin_push_5962523918
66,4474056673,Easy Run,2020-12-15T07:10:36Z,Run,10530.9,4655,4675,90.8,"[52.463066, -2.143141]",garmin_push_5958248706
67,4471316253,Afternoon Walk,2020-12-14T13:26:34Z,Walk,5723.5,3390,3390,64.2,"[52.464003, -2.143674]",garmin_push_5955385426
68,4467575109,Very slow jog,2020-12-13T13:29:59Z,Run,10018.1,4492,4541,46.6,"[52.463255, -2.143179]",garmin_push_5951487471
69,4462873237,Afternoon Walk with Rachel,2020-12-12T14:43:11Z,Walk,2621.5,2546,2811,77.2,"[52.479958, -2.098426]",garmin_push_5946767923
70,4457313954,Morning Run,2020-12-11T07:57:52Z,Run,4174.5,1534,1534,47.3,"[52.464105, -2.143468]",garmin_push_5940980314
71,4453481705,Morning Run,2020-12-10T09:22:42Z,Run,6788.9,2530,2574,68.8,"[52.464812, -2.143793]",garmin_push_5937054362
72,4449296154,Morning Ride,2020-12-09T07:56:00Z,Ride,28738.8,5131,5762,252.0,"[52.464056, -2.143788]",garmin_push_5932744178
73,4438399037,Afternoon Run,2020-12-06T15:25:08Z,Run,5864.5,2360,2370,84.3,"[52.463934, -2.143535]",garmin_push_5921464936
74,4433781916,Afternoon Run,2020-12-05T16:35:00Z,Run,6858.7,2650,2809,87.1,"[52.464041, -2.14373]",garmin_push_5916885965
75,4423543463,Morning Run,2020-12-03T07:49:30Z,Run,4164.6,1478,1485,49.2,"[52.464069, -2.143464]",garmin_push_5906418921
76,4414899699,Morning Run,2020-12-01T08:24:05Z,Run,5007.5,1699,1712,18.3,"[52.461577, -2.148511]",garmin_push_5897743662
77,4407447177,Lunch Run,2020-11-29T12:53:43Z,Run,6678.3,2465,2546,73.7,"[52.465057, -2.150536]",garmin_push_5890198524
78,4396434238,Morning Ride,2020-11-27T07:09:27Z,Ride,19199.8,3833,4448,268.4,"[52.464025, -2.14379]",garmin_push_5879435334
79,4391875849,Up the nine locks,2020-11-26T07:10:01Z,Run,5884.9,2181,2246,61.5,"[52.464836, -2.143782]",garmin_push_5874952305
80,4382976915,Morning Run,2020-11-24T08:24:10Z,Run,8485.8,3102,3186,68.0,"[52.464901, -2.143931]",garmin_push_5866194679
81,4375754332,Run / walk round Highgate Common,2020-11-22T14:50:22Z,Run,6105.5,2632,2926,62.9,"[52.504861, -2.244749]",garmin_push_5859005641
82,4368917800,Morning Ride,2020-11-21T10:52:49Z,Ride,33379.8,6380,7051,368.6,"[52.464013, -2.143796]",garmin_push_5852566139
83,4363269419,Morning Run,2020-11-20T06:56:07Z,Run,7515.6,2758,2767,71.8,"[52.46343, -2.142001]",garmin_push_5847010519
84,4354273564,Morning Run,2020-11-18T07:23:01Z,Run,7007.5,2518,2523,49.1,"[52.464508, -2.147264]",garmin_push_5838047321
85,4342045281,Lunch Ride,2020-11-15T11:26:35Z,Ride,49500.1,9378,11122,515.2,"[52.464004, -2.143776]",garmin_push_5825867019
86,4337460354,Wet and muddy run round Highgate common,2020-11-14T16:11:35Z,Run,5045.7,2255,2389,53.3,"[52.503294, -2.238477]",garmin_push_5821287939
87,4325793603,Morning Run,2020-11-12T07:02:15Z,Run,7517.3,2676,2676,62.2,"[52.464215, -2.14814]",garmin_push_5809633585
88,4318331500,Afternoon Ride,2020-11-10T15:43:39Z,Ride,30128.0,5390,5785,264.0,"[52.464066, -2.143561]",garmin_push_5802314853
89,4311504202,Morning Run,2020-11-09T07:57:01Z,Run,5015.0,1770,1770,40.2,"[52.462722, -2.143957]",garmin_push_5795436818
90,4301226409,Morning Ride,2020-11-07T09:36:32Z,Ride,39780.1,7440,8816,408.2,"[52.464073, -2.143584]",garmin_push_5785571590
91,4297976980,Afternoon walk,2020-11-06T16:48:45Z,Walk,4797.4,2908,2908,82.5,"[52.464028, -2.143588]",garmin_push_5782383750
92,4295893202,Morning Walk,2020-11-06T08:37:17Z,Walk,2039.3,1670,1778,33.6,"[52.463985, -2.143629]",garmin_push_5780325018
93,4285787461,Afternoon Run,2020-11-04T16:31:28Z,Run,5036.3,1866,1906,38.0,"[52.463217, -2.144621]",garmin_push_5772934370
94,4279388462,Walk / run,2020-11-03T09:01:23Z,Walk,4777.2,2270,2270,83.8,"[52.464086, -2.143574]",garmin_push_5766382394
95,4274709229,Morning Activity,2020-11-02T08:09:44Z,Walk,1197.7,701,701,13.3,"[52.464043, -2.143529]",garmin_push_5761518582
96,4273014017,Afternoon Run,2020-11-01T17:06:59Z,Run,3237.7,1223,1229,50.7,"[52.464803, -2.1438]",garmin_push_5759713084
97,4267858497,Afternoon walk,2020-10-31T16:49:39Z,Walk,5128.9,3168,3168,97.8,"[52.464005, -2.143661]",garmin_push_5754368325
98,4263539008,Night walk with Daniel and Bethia,2020-10-30T19:05:41Z,Walk,4036.4,3549,3725,75.6,"[52.464012, -2.143578]",garmin_push_5749832029
99,4257955026,Morning walk,2020-10-29T09:09:14Z,Walk,4775.0,2779,2779,86.0,"[52.464061, -2.143599]",garmin_push_5743793935
100,4254892371,Afternoon walk,2020-10-28T15:34:59Z,Walk,4810.9,2831,2831,85.0,"[52.464037, -2.143661]",garmin_push_5740630847
101,4250846910,Everything walk,2020-10-27T16:48:49Z,Workout,4837.9,3034,3034,80.6,"[52.464003, -2.143628]",garmin_push_5736389150
102,4250591913,KBs etc,2020-10-27T16:30:20Z,Workout,142.3,134,772,0.0,"[52.464084, -2.143664]",garmin_push_5736105276
103,4244965914,Short KB & walk,2020-10-26T08:06:18Z,Walk,2161.4,1487,1890,32.5,"[52.46404, -2.14361]",garmin_push_5729911847
104,4243035720,Afternoon Run,2020-10-25T16:44:32Z,Run,3228.9,1202,1202,39.9,"[52.46568, -2.140575]",garmin_push_5727788454
105,4223185200,Turbo trainer,2020-10-21T07:27:28Z,VirtualRide,138.3,2599,2599,0,,garmin_push_5706674875
106,4215653676,Walk with Rachel,2020-10-19T11:42:20Z,Walk,6082.5,5131,6430,167.0,"[52.443013, -2.239062]",garmin_push_5698721013
107,4212043096,Walk/Run,2020-10-18T14:23:57Z,Run,8233.5,4921,4993,68.2,"[52.464075, -2.143705]",garmin_push_5694921945
108,4205798350,Morning Ride,2020-10-17T08:55:31Z,Ride,46832.1,9235,12258,615.9,"[52.464056, -2.143538]",garmin_push_5688678562
109,4201313285,Morning walk,2020-10-16T08:33:09Z,Walk,4102.0,2865,2937,37.3,"[52.464036, -2.143753]",garmin_push_5683928321
110,4197072372,KB workout & short run,2020-10-15T07:36:46Z,Workout,2423.1,919,2571,30.8,"[52.463989, -2.143755]",garmin_push_5679495452
111,4190894097,Kettlebells etc,2020-10-13T19:45:34Z,Workout,0.0,1245,1245,0,,garmin_push_5673212549
112,4188437954,Morning Walk,2020-10-13T08:55:09Z,Walk,1004.5,732,732,12.5,"[52.463997, -2.143734]",garmin_push_5670492153
113,4180537242,Morning Ride,2020-10-11T09:21:05Z,Ride,56379.9,10494,12597,532.3,"[52.464029, -2.143578]",garmin_push_5662378947
114,4177495380,Evening Walk,2020-10-10T18:40:14Z,Walk,2737.1,1951,1951,33.5,"[52.463927, -2.143813]",garmin_push_5659283364
115,4166716017,Morning Run,2020-10-08T07:52:05Z,Run,4042.3,1415,1415,49.6,"[52.464981, -2.1437]",garmin_push_5648025142
116,4166715796,Kettlebells etc  extended warmup,2020-10-08T07:35:28Z,Workout,0.0,624,624,0,,garmin_push_5648024850
117,4162190070,Morning Ride,2020-10-07T07:54:19Z,Ride,22334.7,4472,5177,136.3,"[52.464059, -2.143534]",garmin_push_5643341230
118,4157505257,Kettlebells etc,2020-10-06T08:18:19Z,Workout,0.0,2911,2911,0,,garmin_push_5638511466
119,4155730814,Strength training,2020-10-05T20:17:59Z,WeightTraining,0.0,1432,1432,0,,garmin_push_5636759836
120,4153202423,Morning Ride,2020-10-05T07:15:34Z,Ride,14692.3,2678,2932,167.2,"[52.464059, -2.143578]",garmin_push_5633932830
121,4152426507,Walk with Rachel,2020-10-04T16:14:00Z,Walk,5624.3,5421,5682,108.8,"[52.53529, -2.151922]",garmin_push_5631948316
122,4146189283,Kettlebells and bodyweight workout,2020-10-03T16:40:09Z,Workout,0.0,1900,1900,0,,garmin_push_5626728450
123,4135880520,Morning Run,2020-10-01T07:11:46Z,Run,7237.5,2678,2682,58.8,"[52.464794, -2.143821]",garmin_push_5615810005
124,4127535005,Lunch Run,2020-09-29T12:25:26Z,Run,3494.8,1162,1165,49.5,"[52.464098, -2.143497]",garmin_push_5607191146
125,4113335231,Morning Run,2020-09-26T09:35:06Z,Run,11780.7,4378,4440,137.2,"[52.463289, -2.143176]",garmin_push_5592663474
126,4104880212,Morning Run,2020-09-24T07:41:28Z,Run,9838.9,3673,3820,119.4,"[52.462295, -2.143658]",garmin_push_5583841475
127,4092648293,HIIT,2020-09-21T16:41:40Z,Workout,0.0,2010,2010,0,,garmin_push_5571001075
128,4083797103,HIIT,2020-09-19T19:24:48Z,Workout,188.3,200,976,0.0,"[52.463962, -2.143798]",garmin_push_5561750743
129,4073306962,Legs and core strength workout,2020-09-17T15:22:53Z,Workout,678.0,1122,2020,0.0,"[52.463899, -2.143693]",garmin_push_5550889554
130,4052795078,Great North Run - virtual half marathon,2020-09-13T09:30:03Z,Run,21116.8,7304,7304,17.1,"[52.461062, -2.20559]",garmin_push_5529621806
131,4045365198,Jog/walk trailing bike with flat tyre,2020-09-11T19:39:26Z,Walk,8537.2,4529,4892,29.0,"[52.53353, -2.186962]",garmin_push_5521979421
132,4045127897,Evening Ride,2020-09-11T18:45:36Z,Ride,7762.3,1711,1870,38.0,"[52.586203, -2.17357]",garmin_push_5521716201
133,4036298860,Evening Run,2020-09-09T19:01:44Z,Run,9265.3,3343,3491,69.6,"[52.463418, -2.149933]",garmin_push_5512528890
134,4028199074,Morning Run,2020-09-08T05:46:04Z,Run,5299.7,1854,1854,38.9,"[52.4623, -2.143613]",garmin_push_5503939079
135,4019236063,1k Intervals ü•µ,2020-09-06T09:52:00Z,Run,7819.7,2804,2903,57.5,"[52.463165, -2.143132]",garmin_push_5494810772
136,4008988344,Morning Run,2020-09-04T07:19:05Z,Run,10861.6,4224,4255,118.1,"[52.460999, -2.149248]",garmin_push_5484589918
137,4005140330,Canal ride with Rachel,2020-09-03T11:10:54Z,Ride,14281.3,5109,6672,9.5,"[52.461528, -2.205516]",garmin_push_5480710886
138,3992833221,Evening Run,2020-08-31T19:00:31Z,Run,12315.2,4810,4982,154.0,"[52.463328, -2.149876]",garmin_push_5468136453
139,3980967526,Morning Run,2020-08-29T09:16:30Z,Run,20057.0,7170,7322,75.6,"[52.460965, -2.150686]",garmin_push_5456218243
140,3976629170,Steady 6k,2020-08-28T09:29:00Z,Run,6017.5,2042,2042,34.6,"[52.461626, -2.147176]",garmin_push_5451597959
141,3969911790,Evening Run with SRC,2020-08-26T18:59:30Z,Run,10293.5,3649,3872,115.3,"[52.463514, -2.149973]",garmin_push_5444753893
142,3960500845,Evening Run,2020-08-24T18:59:22Z,Run,11902.9,4375,4643,101.9,"[52.463559, -2.149991]",garmin_push_5434950501
143,3955376049,Short jog with Isy on bike,2020-08-23T16:25:58Z,Run,4314.5,2018,2099,52.7,"[52.46413, -2.1434]",garmin_push_5429459613
144,3948212013,Morning Run,2020-08-22T07:48:42Z,Run,18552.6,7079,7312,184.9,"[52.464037, -2.143555]",garmin_push_5422055170
145,3943713755,Morning Run,2020-08-21T05:54:44Z,Run,5019.0,1760,1760,16.7,"[52.460971, -2.150022]",garmin_push_5417051918
146,3939072706,Short interval session then hills,2020-08-20T06:07:01Z,Run,10046.2,4059,4501,134.5,"[52.463822, -2.145575]",garmin_push_5412265748
147,3929294926,Bunkers Hill with Tim,2020-08-18T07:00:34Z,Run,7156.2,2819,2888,152.5,"[52.444089, -2.185279]",3ef8d11a-e21f-4595-b92e-cefd5f8268fa-activity.fit
148,3925560273,Ride with Christopher back from Andy's,2020-08-17T11:52:52Z,Ride,4726.1,1665,2244,56.8,"[52.463989, -2.143783]",garmin_push_5398302746
149,3925372169,"Walk/ run with Andy, Oli, Christopher & Tim",2020-08-17T11:04:44Z,Walk,3378.7,2005,2005,21.2,"[52.477997, -2.159337]",garmin_push_5398092595
150,3925251777,"Ride with Christopher to meet Tim, Andy and Oli",2020-08-17T09:42:07Z,Ride,8327.8,2634,4269,68.9,"[52.478676, -2.159358]",garmin_push_5397959372
151,3915134729,Long run with Tim,2020-08-15T07:59:26Z,Run,18501.1,7055,7386,207.2,"[52.464064, -2.143473]",garmin_push_5387694109
152,3910686423,Morning Ride,2020-08-14T09:20:07Z,Ride,2564.3,702,756,35.4,"[52.464032, -2.14376]",garmin_push_5383062626
153,3910451239,Morning Run,2020-08-14T07:30:11Z,Run,6891.0,2732,2965,125.1,"[52.447838, -2.161462]",garmin_push_5382800994
154,3910277746,Morning Ride,2020-08-14T07:07:18Z,Ride,2793.9,614,688,21.9,"[52.447782, -2.161247]",garmin_push_5382608400
155,3900833097,Morning Run,2020-08-12T06:44:15Z,Run,10038.0,3575,3578,62.6,"[52.464138, -2.143562]",garmin_push_5372849643
156,3886067143,Morning Run,2020-08-09T07:10:08Z,Run,12744.7,4754,4829,123.2,"[52.463982, -2.143546]",garmin_push_5357620546
157,3881330104,Threshold Run,2020-08-08T09:10:29Z,Run,4115.8,1324,1330,41.9,"[52.464096, -2.143446]",garmin_push_5352825164
158,3871750826,Walk / Run,2020-08-06T06:12:38Z,Walk,13143.7,7048,7311,188.5,"[52.464033, -2.14364]",garmin_push_5342889457
159,3866651769,Morning Run,2020-08-05T07:14:22Z,Run,8386.7,3282,3335,137.3,"[52.46397, -2.143585]",garmin_push_5337639645
160,3861730696,Morning Walk,2020-08-04T07:29:14Z,Walk,7818.7,5648,5833,127.7,"[52.46404, -2.14356]",garmin_push_5332591441
161,3856699829,Morning Walk,2020-08-03T06:58:38Z,Walk,2431.6,1730,1730,35.7,"[52.464054, -2.143502]",garmin_push_5327285330
162,3854117160,Afternoon Run,2020-08-02T14:45:39Z,Run,15075.5,5910,5913,157.8,"[52.46405, -2.143542]",garmin_push_5324641597
163,3841862131,Run/Walk,2020-07-31T06:33:48Z,Run,9643.8,4225,4306,62.7,"[52.464044, -2.143535]",garmin_push_5311060145
164,3831591514,Morning Walk,2020-07-29T07:27:11Z,Walk,5055.1,3608,3922,85.7,"[52.464048, -2.143573]",garmin_push_5299045408
165,3825782755,Morning Run,2020-07-28T06:59:22Z,Run,5106.5,1720,1720,18.9,"[52.461186, -2.15293]",A7S65922.fit
166,3813791774,Morning Run,2020-07-26T08:11:31Z,Run,13783.8,5280,5468,136.2,"[52.463997, -2.143512]",A7Q81131.fit
167,3807098622,Morning Ride,2020-07-24T06:18:33Z,Ride,26532.5,4742,5159,354.0,"[52.463963, -2.143754]",A7O61833.fit
168,3807091468,Run / Walk,2020-07-23T06:23:05Z,Run,8232.3,3225,3241,85.5,"[52.463809, -2.143436]",A7N62305.fit
169,3799046793,Morning Run,2020-07-22T06:24:36Z,Run,4932.7,2022,2102,71.8,"[52.481221, -2.152018]",garmin_push_5273830459
170,3793944350,Morning Ride,2020-07-21T07:05:53Z,Ride,13139.9,3146,5121,110.3,"[52.463952, -2.143773]",garmin_push_5268793810
171,3790829706,Afternoon Walk,2020-07-20T15:02:40Z,Walk,4253.1,4218,5885,157.9,"[52.420228, -2.085254]",garmin_push_5265744763
172,3789436361,Quick ride to try out the new clip in pedals,2020-07-20T10:27:21Z,Ride,4178.5,982,1432,26.1,"[52.472131, -2.12973]",garmin_push_5264247466
173,3783793339,Morning Run,2020-07-19T08:01:02Z,Run,11947.7,4532,4551,83.4,"[52.464018, -2.143681]",garmin_push_5258614274
174,3779630604,Morning Ride,2020-07-18T10:45:01Z,Ride,27966.1,5525,6814,178.0,"[52.464047, -2.143511]",garmin_push_5254464449
175,3774219965,Morning Walk,2020-07-17T07:29:26Z,Walk,3084.9,2174,2900,42.3,"[52.464052, -2.1435]",garmin_push_5248836825
176,3769469091,5k time trial,2020-07-16T07:40:40Z,Run,5003.9,1551,1551,0.0,"[52.475042, -2.126484]",garmin_push_5244057744
177,3764745170,Run / Walk,2020-07-15T07:44:51Z,Run,8034.0,4302,4378,61.0,"[52.46401, -2.143699]",garmin_push_5239326095
178,3762235366,Afternoon Ride,2020-07-14T17:42:20Z,Ride,17016.6,3165,3754,239.8,"[52.447818, -2.161304]",garmin_push_5236945851
179,3757023056,Hilly 5k ‚õ∞Ô∏èüåßÔ∏è,2020-07-13T18:06:30Z,Run,5254.7,2019,2019,95.2,"[52.464132, -2.143494]",garmin_push_5231736986
180,3752437559,Afternoon Ride with Isy,2020-07-12T16:24:18Z,Ride,10379.1,4078,5158,30.0,"[52.464019, -2.14377]",garmin_push_5226984537
181,3741079446,Cook down walk,2020-07-10T14:09:29Z,Walk,1952.2,1581,1581,29.1,"[52.464021, -2.14372]",garmin_push_5215725627
182,3740964934,Afternoon Run,2020-07-10T13:19:38Z,Run,7995.4,2807,2817,60.3,"[52.464053, -2.143481]",garmin_push_5215603493
183,3737914068,Evening Walk,2020-07-09T19:06:27Z,Walk,3087.1,2216,2991,41.5,"[52.46403, -2.143721]",garmin_push_5212543806
184,3732577587,Afternoon Walk,2020-07-08T17:36:00Z,Walk,1136.0,1014,1076,21.6,"[52.463934, -2.143609]",garmin_push_5207169349
185,3732483133,Afternoon Run,2020-07-08T16:53:35Z,Run,6568.9,2443,2478,73.9,"[52.460353, -2.13565]",garmin_push_5207071426
186,3727619527,Afternoon Run,2020-07-07T17:18:39Z,Run,5002.2,1906,1915,32.5,"[52.460988, -2.148724]",garmin_push_5202138744
187,3720461628,Morning Walk,2020-07-06T06:20:42Z,Walk,3530.7,2622,2670,60.9,"[52.464065, -2.143586]",garmin_push_5194873663
188,3718357817,Walk/Run - experimenting with lower heart rate running,2020-07-05T16:01:48Z,Run,9672.1,4913,5013,62.2,"[52.464036, -2.143716]",garmin_push_5192807493
189,3714077506,Evening Ride,2020-07-04T19:38:27Z,Ride,21537.8,4990,6477,166.1,"[52.464027, -2.143701]",garmin_push_5188530335
190,3709126762,Evening walk,2020-07-03T20:59:41Z,Walk,5618.4,3464,3484,29.4,"[52.464057, -2.143537]",garmin_push_5183574324
191,3692079070,Lunch Walk,2020-06-30T11:40:02Z,Walk,1845.9,1439,1439,34.9,"[52.464067, -2.14354]",80417a47-80ce-48fe-98cb-06b6703bc37b-activity.fit
192,3691969515,Morning run,2020-06-30T10:33:27Z,Run,10011.9,3647,3649,63.5,"[52.463368, -2.144809]",garmin_push_5166417237
193,3689424510,Evening walk,2020-06-29T18:39:48Z,Walk,5017.5,3482,3677,89.4,"[52.464035, -2.143784]",garmin_push_5163903563
194,3682996365,Short Ride with Rachel,2020-06-28T11:30:40Z,Ride,7804.9,3081,3825,59.7,"[52.464073, -2.143574]",garmin_push_5157315847
195,3680307186,Evening Run,2020-06-27T20:30:36Z,Run,7536.5,2730,2765,49.7,"[52.461522, -2.148161]",garmin_push_5154560063
196,3675480162,Evening Ride,2020-06-26T19:03:20Z,Ride,40609.4,8228,10294,84.1,"[52.464014, -2.143786]",garmin_push_5149631453
197,3663787971,Lunch Ride,2020-06-24T11:13:36Z,Ride,29294.8,6691,8655,131.1,"[52.463992, -2.143689]",garmin_push_5137866524
198,3660514794,Evening Walk,2020-06-23T19:15:35Z,Walk,5413.6,3726,3742,84.5,"[52.464024, -2.143665]",garmin_push_5134682692
199,3655806236,Ride with Christopher back from Tennis,2020-06-22T20:26:23Z,Ride,3782.7,1603,1628,33.9,"[52.463969, -2.143687]",garmin_push_5129987559
200,3655805976,Tennis with Andy,2020-06-22T18:44:32Z,Workout,3229.3,4345,5754,0.0,"[52.481405, -2.16969]",garmin_push_5129987289
201,3655804970,Ride with Christopher to play tennis with Andy,2020-06-22T18:17:22Z,Ride,4126.5,1338,1588,20.8,"[52.481419, -2.169674]",garmin_push_5129986479
202,3650467705,Evening Ride,2020-06-21T18:09:07Z,Ride,17480.7,3044,3266,245.6,"[52.464046, -2.143567]",468ef3f5-b494-4e18-8d37-70d9b7b61237-activity.fit
203,3646951033,Morning Walk,2020-06-21T08:06:05Z,Walk,4354.9,3174,3237,47.4,"[52.464099, -2.143561]",73b7915f-d9bc-4e72-a4cc-b4fa4afb8258-activity.fit
204,3645002009,Ride with Bethia,2020-06-20T17:50:29Z,Ride,10287.5,4570,4825,63.2,"[52.463972, -2.143705]",cd084cf9-2846-4405-8f0a-8b397a9dbe0d-activity.fit
205,3643123845,Walk with Bethia,2020-06-20T12:53:43Z,Walk,5165.7,3572,3591,93.2,"[52.464044, -2.143559]",af6c2ccc-5d54-4f28-ab76-6b1e0c3e2e48-activity.fit
206,3638079233,Afternoon Walk,2020-06-19T13:30:25Z,Walk,790.3,681,706,8.6,"[52.464076, -2.143623]",17de2f55-a9a2-47a5-81b7-2808f43b9ab7-activity.fit
207,3638031541,Afternoon Run,2020-06-19T13:06:54Z,Run,4120.7,1342,1348,50.9,"[52.464025, -2.143639]",4de690be-d689-47e2-9c7a-2a688bfe25cb-activity.fit
208,3630267353,Evening Walk,2020-06-17T18:10:50Z,Walk,5685.6,4544,4774,102.5,"[52.463965, -2.143662]",cbd0b5d4-c2ea-4a01-bee1-beb59d32c027-activity.fit
209,3627142734,Morning Run,2020-06-17T05:59:49Z,Run,4790.9,1685,1697,30.2,"[52.461384, -2.14896]",c2077af4-59bc-4b03-ac8d-e1d71508920c-activity.fit
210,3617766663,Cool down walk,2020-06-15T11:24:39Z,Walk,2710.5,2017,2049,41.8,"[52.463917, -2.143451]",2e3a176b-6c85-49f1-b61b-7c8596168c66-activity.fit
211,3617632476,Interval session with Daniel on bike,2020-06-15T10:43:40Z,Run,3517.1,1888,2067,47.9,"[52.464025, -2.143592]",af206f1b-ef52-4345-b386-d9b4fdf6a2c6-activity.fit
212,3615706507,Trying out the new bike,2020-06-14T19:03:13Z,Ride,17590.8,4183,6300,154.6,"[52.463974, -2.143797]",38b6ab97-a060-4b49-9dfa-0cd4bbda08e4-activity.fit
213,3615162456,To Mum and Dad's,2020-06-14T18:14:18Z,Ride,5673.9,1402,2359,59.2,"[52.463988, -2.143716]",29b2b809-3aad-4102-b60c-f2a75607cf7a-activity.fit
214,3608293354,Run/walk with Daniel on bike,2020-06-13T15:10:34Z,Run,3783.7,1654,2288,36.0,"[52.464076, -2.143571]",979e5d3b-629b-40c9-a6a8-02a133deb7bd-activity.fit
215,3602879003,Afternoon Walk,2020-06-12T14:25:27Z,Walk,4249.3,3013,3029,51.1,"[52.464057, -2.143719]",f3012c84-9762-40d9-bc4d-945a7ee2397b-activity.fit
216,3599632861,Evening Walk,2020-06-11T19:17:41Z,Walk,5196.1,3829,4019,104.8,"[52.464082, -2.143495]",548b3b88-65ee-4b1a-852b-57125179024b-activity.fit
217,3593642638,Out and back to Cookley by canal,2020-06-10T14:44:30Z,Ride,23107.9,5011,9285,3.5,"[52.463985, -2.143769]",83f1736a-9686-4ea8-9af6-78e225477009-activity.fit
218,3586003870,Steady canal out and back,2020-06-09T05:57:20Z,Run,6324.0,2152,2157,0.0,"[52.463047, -2.15583]",fb73bca3-052b-45fd-8fd6-c3ca885d5760-activity.fit
219,3581163030,Morning Ride,2020-06-08T05:29:52Z,Ride,12014.7,3277,3722,32.4,"[52.464051, -2.143631]",9f22f2ae-e547-44fc-9d73-13d78d10531c-activity.fit
220,3579493598,Evening Walk,2020-06-07T18:06:38Z,Walk,5176.0,3819,3859,93.7,"[52.463991, -2.143681]",725caad6-a4cc-4de8-a8ab-142b60fd18e3-activity.fit
221,3571177007,Mixed run/walk,2020-06-06T09:25:37Z,Run,12036.1,5317,6121,99.6,"[52.464021, -2.143671]",48d18350-c72f-4814-8a81-1a4d4b49713c-activity.fit
222,3567902040,Pick up car,2020-06-05T16:11:08Z,Ride,6354.2,1876,2175,92.4,"[52.463017, -2.077365]",c2011e31-cc77-438c-afff-8b6f83a4fbc7-activity.fit
223,3566380769,Ride back from garage,2020-06-05T08:39:28Z,Ride,5780.5,1363,1366,94.7,"[52.46404, -2.143719]",753a4249-83b2-4e17-b3da-c12ac0d292be-activity.fit
224,3562306947,"Run, walk intervals with Daniel on bike over a field",2020-06-04T12:06:08Z,Run,2111.8,757,1214,20.3,"[52.47212, -2.129703]",d4041aa2-4aaa-4942-96d9-b62b844c4adb-activity.fit
225,3558679786,Afternoon Walk,2020-06-03T16:57:32Z,Walk,4287.3,2674,2761,54.0,"[52.464056, -2.143658]",1ab89473-0507-4cff-9f84-ecee10383044-activity.fit
226,3550645646,Morning Walk,2020-06-02T06:00:57Z,Walk,1628.0,1354,1403,28.1,"[52.463973, -2.143704]",115b9f80-1733-4fdc-9803-28b889349804-activity.fit
227,3550603088,Best mile time,2020-06-02T05:50:58Z,Run,1657.1,451,451,14.6,"[52.452806, -2.136683]",3c207b0a-caaa-466c-a203-5d6b55dd1b2a-activity.fit
228,3550583303,Warm up walk/run,2020-06-02T05:33:32Z,Run,1721.2,716,835,21.2,"[52.45281, -2.136729]",bb9d3dec-8eb3-4efb-830a-b0c12531a585-activity.fit
229,3545181534,Morning Ride,2020-06-01T05:41:17Z,Ride,9760.4,2276,2303,61.6,"[52.464006, -2.143464]",631d2ad8-d099-4704-9f0d-6d799f304827-activity.fit
230,3543288254,Afternoon Walk,2020-05-31T17:28:26Z,Walk,4730.1,2254,4149,54.9,"[52.464068, -2.143539]",db51aecc-0bf2-4d59-aba3-c147c5165a4d-activity.fit
231,3534760232,Morning Walk,2020-05-30T10:39:27Z,Walk,2099.1,1631,1631,34.9,"[52.46408, -2.143445]",d9364e36-3530-4bdb-aec8-33eef466f2ee-activity.fit
232,3534598223,"Weekend ""long"" run",2020-05-30T09:52:28Z,Run,7231.1,2685,2713,72.7,"[52.464013, -2.14368]",286bfdaa-cee4-4dff-82ca-347b9b4dfced-activity.fit
233,3531414333,Ride with Isy to Mum and Dad's,2020-05-29T14:57:40Z,Ride,6403.0,3024,9942,67.4,"[52.463967, -2.14378]",e1df6e72-6b7d-4f0e-9f8a-3682bfeac32b-activity.fit
234,3532697462,"Wyre Forest, 5k Buzzard Trail walk with Bethia",2020-05-29T11:25:22Z,Walk,5200.0,4200,4200,0.0,,
235,3527692985,Night Walk,2020-05-28T21:36:09Z,Walk,831.7,706,776,9.2,"[52.464001, -2.143682]",ca03ecfc-67f1-4609-92f8-0212fb09cbf8-activity.fit
236,3527638658,Night Run,2020-05-28T21:12:32Z,Run,4217.5,1362,1365,48.3,"[52.46408, -2.143461]",cbd4458c-ff08-4171-845c-c2b3b96ac2e3-activity.fit
237,3522304256,Evening Walk,2020-05-27T19:45:54Z,Walk,7636.4,5384,5666,72.8,"[52.464035, -2.143738]",61c4132f-1c8f-47d8-ab58-c199f85b5a53-activity.fit
238,3512847972,Morning Run,2020-05-26T07:11:54Z,Run,6481.2,2338,2371,72.7,"[52.464065, -2.143572]",4d6de982-47b2-4537-8cd7-9973e7ff2a92-activity.fit
239,3502072957,Morning Walk,2020-05-24T09:20:39Z,Walk,1199.9,1002,1034,16.1,"[52.363277, -2.367531]",eefecbae-c3ad-4bd5-8041-7d52e0536231-activity.fit
240,3501937285,"Wyre Forest, 5k Buzzard Trail, gentle pace",2020-05-24T08:32:21Z,Run,5397.2,2043,2172,123.6,"[52.363896, -2.368755]",41862dd2-03af-4863-9937-c0f3d2d81d81-activity.fit
241,3498000166,Lunch Ride,2020-05-23T11:18:44Z,Ride,20883.9,6828,7664,249.8,"[52.463943, -2.143455]",7442eb3a-d325-419a-b998-e5937fc8d99c-activity.fit
242,3491938808,Morning Run,2020-05-22T07:55:39Z,Run,4228.5,1356,1356,51.0,"[52.464114, -2.143514]",b023e574-6296-4ef4-b7e2-fffbd2cd4c36-activity.fit
243,3487964415,Afternoon ride with Christopher,2020-05-21T13:30:10Z,Ride,8217.7,2682,2936,61.2,"[52.464053, -2.143711]",41aeee27-eff6-43b7-9e39-0060e16132e8-activity.fit
244,3483309132,"Ran first 4.5k, walked last km ‚òÄÔ∏è",2020-05-20T17:14:38Z,Run,5551.2,2443,2446,62.6,"[52.464113, -2.143469]",a3abb402-dd75-42c7-b2d7-8d07c5a702a4-activity.fit
245,3471547858,Afternoon walk,2020-05-18T13:47:37Z,Walk,6931.1,4633,6049,74.4,"[52.464015, -2.143642]",108b4b9e-75b9-4f56-b73f-cf0a8fe78d95-activity.fit
246,3468724824,Evening ride along canals to Saltwells nature reserve,2020-05-17T18:58:54Z,Ride,22749.4,6327,7321,108.5,"[52.463948, -2.143785]",6b5b43b1-8474-4204-97db-ddd0b61561c8-activity.fit
247,3458152064,Morning Run,2020-05-16T07:51:20Z,Run,5282.1,1861,1911,66.6,"[52.464842, -2.143933]",80737ce7-2c27-417b-baec-56fec8dff82e-activity.fit
248,3451687244,Ride to Wordsley and back to play tennis with Andy,2020-05-14T18:29:39Z,Ride,10415.6,5619,7423,57.7,"[52.463992, -2.143794]",94d86906-bc43-4497-8292-1aaf23f297bf-activity.fit
249,3443661072,Gentle ride with Isy and Christopher,2020-05-13T10:26:44Z,Ride,4759.2,2333,2638,53.3,"[52.464024, -2.143731]",0ebe03ee-15f0-48b1-8ab5-ed06a1127887-activity.fit
250,3438010871,Morning Run,2020-05-12T09:01:27Z,Run,3893.6,1280,1280,42.4,"[52.465189, -2.142836]",5858fc51-032d-4abe-aad7-9324efabbd98-activity.fit
251,3417948080,Morning Ride,2020-05-08T10:05:37Z,Ride,16588.8,5965,7340,149.6,"[52.46402, -2.143747]",204f93c5-5071-4158-8710-450d2113d2ef-activity.fit
252,3411428495,Morning Run,2020-05-07T06:40:26Z,Run,3734.1,1260,1260,38.8,"[52.465347, -2.142094]",28c706bd-7293-4c63-9192-471823d9b444-activity.fit
253,3400060420,Morning Run,2020-05-05T06:59:22Z,Run,3636.7,1275,1278,33.0,"[52.465417, -2.142106]",10e0eb66-ac5a-4df4-99cf-c692632dd9c3-activity.fit
254,3384002393,Morning ride,2020-05-02T10:15:41Z,Ride,10509.6,2807,2931,61.8,"[52.463981, -2.143636]",4131b908-fb4d-430b-8b75-7e5441f2885b-activity.fit
255,3378163534,Morning Run,2020-05-01T07:25:34Z,Run,3007.3,1066,1066,31.4,"[52.47216, -2.138835]",a3c43afe-8306-4b9f-b1ea-d0c9abefbe9b-activity.fit
256,3358101162,Jog with Isy on bike,2020-04-26T18:41:44Z,Run,4259.3,1779,1932,48.1,"[52.464016, -2.14365]",ca02622e-0499-49a8-af43-d0d847b3478e-activity.fit
257,3261131631,Morning Run,2020-04-06T06:36:58Z,Run,2547.8,921,921,30.0,"[52.465676, -2.139915]",8ae43282-6f2f-46b7-b24d-235e7822670a-activity.fit
258,3250577979,Afternoon Run,2020-04-03T17:55:01Z,Run,1934.3,686,686,33.2,"[52.46398, -2.143539]",8ae43282-6f2f-46b7-b24d-235e7822670a-activity.fit
259,3121376036,Dudley parkrun,2020-02-22T09:02:39Z,Run,5076.5,1951,1986,28.6,"[52.490418, -2.134559]",
260,2456587717,Stanford Rd,2019-06-17T05:25:00Z,Run,2049.8,758,758,34.1,"[52.464075, -2.143459]",
261,2423772085,Stanford Road Bridge,2019-06-04T20:21:05Z,Run,2043.8,788,801,34.1,"[52.464074, -2.143582]",78edbcce08aa17921574fcf4bcfcd10d
